{"john_doe": [{"date": "2024-10-15", "time": "10:00 AM", "details": "Regular check-up"}, {"date": "2024-10-15", "time": "10:00 AM", "details": "Regular check-up"}, {"date": "2024-10-15", "time": "10:00 AM", "details": "Regular check-up"}, {"date": "2024-10-15", "time": "10:00 AM", "details": "Regular check-up"}, {"date": "2024-10-15", "time": "10:00 AM", "details": "Regular check-up"}, {"date": "2024-10-15", "time": "10:00 AM", "details": "Regular check-up"}, {"date": "2024-10-15", "time": "10:00 AM", "details": "Regular check-up"}, {"date": "2024-10-15", "time": "10:00 AM", "details": "Regular check-up"}, {"date": "2024-10-15", "time": "10:00 AM", "details": "Regular check-up"}, {"date": "2024-10-15", "time": "10:00 AM", "details": "Regular check-up"}, {"date": "2024-10-15", "time": "10:00 AM", "details": "Regular check-up"}, {"date": "2024-10-15", "time": "10:00 AM", "details": "Regular check-up"}, {"date": "2024-10-15", "time": "10:00 AM", "details": "Regular check-up"}, {"date": "2024-10-15", "time": "10:00 AM", "details": "Regular check-up"}, {"date": "2024-10-15", "time": "10:00 AM", "details": "Regular check-up"}, {"date": "2024-10-15", "time": "10:00 AM", "details": "Regular check-up"}, {"date": "2024-10-15", "time": "10:00 AM", "details": "Regular check-up"}, {"date": "2024-10-15", "time": "10:00 AM", "details": "Regular check-up"}, {"date": "2024-10-15", "time": "10:00 AM", "details": "Regular check-up"}]}